iter,tec,vintage,year_all,Level
2121,OTL,2020,2020,0.000e+00
2121,OTL,2020,2025,0.000e+00
2121,OTL,2020,2030,0.000e+00
2121,OTL,2020,2035,0.000e+00
2121,OTL,2025,2025,1.783e+08
2121,OTL,2025,2030,1.783e+08
2121,OTL,2025,2035,0.000e+00
2121,OTL,2025,2040,0.000e+00
2121,OTL,2030,2030,0.000e+00
2121,OTL,2030,2035,0.000e+00
2121,OTL,2030,2040,0.000e+00
2121,OTL,2030,2045,0.000e+00
2121,OTL,2035,2035,1.015e+09
2121,OTL,2035,2040,1.015e+09
2121,OTL,2035,2045,8.546e+01
2121,OTL,2035,2050,1.015e+09
2121,OTL,2040,2040,0.000e+00
2121,OTL,2040,2045,0.000e+00
2121,OTL,2040,2050,0.000e+00
2121,OTL,2045,2045,0.000e+00
2121,OTL,2045,2050,0.000e+00
2121,OTL,2050,2050,0.000e+00
2121,CTL,2020,2020,0.000e+00
2121,CTL,2020,2025,0.000e+00
2121,CTL,2020,2030,0.000e+00
2121,CTL,2020,2035,0.000e+00
2121,CTL,2025,2025,0.000e+00
2121,CTL,2025,2030,0.000e+00
2121,CTL,2025,2035,0.000e+00
2121,CTL,2025,2040,0.000e+00
2121,CTL,2030,2030,0.000e+00
2121,CTL,2030,2035,0.000e+00
2121,CTL,2030,2040,0.000e+00
2121,CTL,2030,2045,0.000e+00
2121,CTL,2035,2035,0.000e+00
2121,CTL,2035,2040,0.000e+00
2121,CTL,2035,2045,0.000e+00
2121,CTL,2035,2050,0.000e+00
2121,CTL,2040,2040,0.000e+00
2121,CTL,2040,2045,0.000e+00
2121,CTL,2040,2050,0.000e+00
2121,CTL,2045,2045,0.000e+00
2121,CTL,2045,2050,0.000e+00
2121,CTL,2050,2050,0.000e+00
2121,PTL,2020,2020,3.165e+08
2121,PTL,2020,2025,3.165e+08
2121,PTL,2020,2030,3.165e+08
2121,PTL,2020,2035,3.339e+07
2121,PTL,2025,2025,0.000e+00
2121,PTL,2025,2030,0.000e+00
2121,PTL,2025,2035,0.000e+00
2121,PTL,2025,2040,0.000e+00
2121,PTL,2030,2030,5.075e+07
2121,PTL,2030,2035,0.000e+00
2121,PTL,2030,2040,4.845e+07
2121,PTL,2030,2045,4.845e+07
2121,PTL,2035,2035,0.000e+00
2121,PTL,2035,2040,0.000e+00
2121,PTL,2035,2045,0.000e+00
2121,PTL,2035,2050,0.000e+00
2121,PTL,2040,2040,0.000e+00
2121,PTL,2040,2045,0.000e+00
2121,PTL,2040,2050,0.000e+00
2121,PTL,2045,2045,4.369e+08
2121,PTL,2045,2050,0.000e+00
2121,PTL,2050,2050,0.000e+00
2121,BTL,2020,2020,0.000e+00
2121,BTL,2020,2025,0.000e+00
2121,BTL,2020,2030,0.000e+00
2121,BTL,2020,2035,0.000e+00
2121,BTL,2025,2025,0.000e+00
2121,BTL,2025,2030,0.000e+00
2121,BTL,2025,2035,0.000e+00
2121,BTL,2025,2040,0.000e+00
2121,BTL,2030,2030,0.000e+00
2121,BTL,2030,2035,0.000e+00
2121,BTL,2030,2040,1.913e-07
2121,BTL,2030,2045,2.273e+00
2121,BTL,2035,2035,0.000e+00
2121,BTL,2035,2040,0.000e+00
2121,BTL,2035,2045,0.000e+00
2121,BTL,2035,2050,2.701e+07
2121,BTL,2040,2040,0.000e+00
2121,BTL,2040,2045,0.000e+00
2121,BTL,2040,2050,0.000e+00
2121,BTL,2045,2045,0.000e+00
2121,BTL,2045,2050,0.000e+00
2121,BTL,2050,2050,0.000e+00
2122,OTL,2020,2020,0.000e+00
2122,OTL,2020,2025,0.000e+00
2122,OTL,2020,2030,0.000e+00
2122,OTL,2020,2035,0.000e+00
2122,OTL,2025,2025,0.000e+00
2122,OTL,2025,2030,0.000e+00
2122,OTL,2025,2035,0.000e+00
2122,OTL,2025,2040,0.000e+00
2122,OTL,2030,2030,0.000e+00
2122,OTL,2030,2035,0.000e+00
2122,OTL,2030,2040,0.000e+00
2122,OTL,2030,2045,0.000e+00
2122,OTL,2035,2035,0.000e+00
2122,OTL,2035,2040,0.000e+00
2122,OTL,2035,2045,0.000e+00
2122,OTL,2035,2050,0.000e+00
2122,OTL,2040,2040,0.000e+00
2122,OTL,2040,2045,0.000e+00
2122,OTL,2040,2050,0.000e+00
2122,OTL,2045,2045,0.000e+00
2122,OTL,2045,2050,0.000e+00
2122,OTL,2050,2050,0.000e+00
2122,CTL,2020,2020,0.000e+00
2122,CTL,2020,2025,0.000e+00
2122,CTL,2020,2030,0.000e+00
2122,CTL,2020,2035,0.000e+00
2122,CTL,2025,2025,0.000e+00
2122,CTL,2025,2030,0.000e+00
2122,CTL,2025,2035,0.000e+00
2122,CTL,2025,2040,0.000e+00
2122,CTL,2030,2030,0.000e+00
2122,CTL,2030,2035,0.000e+00
2122,CTL,2030,2040,0.000e+00
2122,CTL,2030,2045,0.000e+00
2122,CTL,2035,2035,0.000e+00
2122,CTL,2035,2040,0.000e+00
2122,CTL,2035,2045,0.000e+00
2122,CTL,2035,2050,0.000e+00
2122,CTL,2040,2040,0.000e+00
2122,CTL,2040,2045,0.000e+00
2122,CTL,2040,2050,0.000e+00
2122,CTL,2045,2045,0.000e+00
2122,CTL,2045,2050,0.000e+00
2122,CTL,2050,2050,0.000e+00
2122,PTL,2020,2020,3.165e+08
2122,PTL,2020,2025,3.950e+08
2122,PTL,2020,2030,4.457e+08
2122,PTL,2020,2035,4.806e+08
2122,PTL,2025,2025,0.000e+00
2122,PTL,2025,2030,0.000e+00
2122,PTL,2025,2035,0.000e+00
2122,PTL,2025,2040,4.957e+08
2122,PTL,2030,2030,0.000e+00
2122,PTL,2030,2035,0.000e+00
2122,PTL,2030,2040,0.000e+00
2122,PTL,2030,2045,4.854e+08
2122,PTL,2035,2035,0.000e+00
2122,PTL,2035,2040,0.000e+00
2122,PTL,2035,2045,0.000e+00
2122,PTL,2035,2050,4.553e+08
2122,PTL,2040,2040,0.000e+00
2122,PTL,2040,2045,0.000e+00
2122,PTL,2040,2050,0.000e+00
2122,PTL,2045,2045,0.000e+00
2122,PTL,2045,2050,0.000e+00
2122,PTL,2050,2050,0.000e+00
2122,BTL,2020,2020,0.000e+00
2122,BTL,2020,2025,0.000e+00
2122,BTL,2020,2030,0.000e+00
2122,BTL,2020,2035,0.000e+00
2122,BTL,2025,2025,0.000e+00
2122,BTL,2025,2030,0.000e+00
2122,BTL,2025,2035,0.000e+00
2122,BTL,2025,2040,0.000e+00
2122,BTL,2030,2030,0.000e+00
2122,BTL,2030,2035,0.000e+00
2122,BTL,2030,2040,0.000e+00
2122,BTL,2030,2045,0.000e+00
2122,BTL,2035,2035,0.000e+00
2122,BTL,2035,2040,0.000e+00
2122,BTL,2035,2045,0.000e+00
2122,BTL,2035,2050,0.000e+00
2122,BTL,2040,2040,0.000e+00
2122,BTL,2040,2045,0.000e+00
2122,BTL,2040,2050,0.000e+00
2122,BTL,2045,2045,0.000e+00
2122,BTL,2045,2050,0.000e+00
2122,BTL,2050,2050,0.000e+00
2123,OTL,2020,2020,7.184e+08
2123,OTL,2020,2025,7.184e+08
2123,OTL,2020,2030,7.184e+08
2123,OTL,2020,2035,0.000e+00
2123,OTL,2025,2025,1.783e+08
2123,OTL,2025,2030,1.783e+08
2123,OTL,2025,2035,2.339e+07
2123,OTL,2025,2040,2.339e+07
2123,OTL,2030,2030,1.152e+08
2123,OTL,2030,2035,1.152e+08
2123,OTL,2030,2040,1.152e+08
2123,OTL,2030,2045,1.152e+08
2123,OTL,2035,2035,9.525e+08
2123,OTL,2035,2040,9.867e+08
2123,OTL,2035,2045,9.867e+08
2123,OTL,2035,2050,9.867e+08
2123,OTL,2040,2040,0.000e+00
2123,OTL,2040,2045,0.000e+00
2123,OTL,2040,2050,0.000e+00
2123,OTL,2045,2045,0.000e+00
2123,OTL,2045,2050,0.000e+00
2123,OTL,2050,2050,0.000e+00
2123,CTL,2020,2020,0.000e+00
2123,CTL,2020,2025,0.000e+00
2123,CTL,2020,2030,0.000e+00
2123,CTL,2020,2035,0.000e+00
2123,CTL,2025,2025,0.000e+00
2123,CTL,2025,2030,0.000e+00
2123,CTL,2025,2035,0.000e+00
2123,CTL,2025,2040,0.000e+00
2123,CTL,2030,2030,0.000e+00
2123,CTL,2030,2035,0.000e+00
2123,CTL,2030,2040,0.000e+00
2123,CTL,2030,2045,0.000e+00
2123,CTL,2035,2035,0.000e+00
2123,CTL,2035,2040,0.000e+00
2123,CTL,2035,2045,0.000e+00
2123,CTL,2035,2050,0.000e+00
2123,CTL,2040,2040,0.000e+00
2123,CTL,2040,2045,0.000e+00
2123,CTL,2040,2050,0.000e+00
2123,CTL,2045,2045,0.000e+00
2123,CTL,2045,2050,0.000e+00
2123,CTL,2050,2050,0.000e+00
2123,PTL,2020,2020,0.000e+00
2123,PTL,2020,2025,0.000e+00
2123,PTL,2020,2030,0.000e+00
2123,PTL,2020,2035,0.000e+00
2123,PTL,2025,2025,0.000e+00
2123,PTL,2025,2030,0.000e+00
2123,PTL,2025,2035,0.000e+00
2123,PTL,2025,2040,0.000e+00
2123,PTL,2030,2030,0.000e+00
2123,PTL,2030,2035,0.000e+00
2123,PTL,2030,2040,1.462e-07
2123,PTL,2030,2045,0.000e+00
2123,PTL,2035,2035,0.000e+00
2123,PTL,2035,2040,0.000e+00
2123,PTL,2035,2045,0.000e+00
2123,PTL,2035,2050,0.000e+00
2123,PTL,2040,2040,0.000e+00
2123,PTL,2040,2045,0.000e+00
2123,PTL,2040,2050,0.000e+00
2123,PTL,2045,2045,1.738e+00
2123,PTL,2045,2050,1.738e+00
2123,PTL,2050,2050,2.065e+07
2123,BTL,2020,2020,0.000e+00
2123,BTL,2020,2025,0.000e+00
2123,BTL,2020,2030,0.000e+00
2123,BTL,2020,2035,0.000e+00
2123,BTL,2025,2025,0.000e+00
2123,BTL,2025,2030,0.000e+00
2123,BTL,2025,2035,0.000e+00
2123,BTL,2025,2040,0.000e+00
2123,BTL,2030,2030,0.000e+00
2123,BTL,2030,2035,0.000e+00
2123,BTL,2030,2040,0.000e+00
2123,BTL,2030,2045,0.000e+00
2123,BTL,2035,2035,0.000e+00
2123,BTL,2035,2040,0.000e+00
2123,BTL,2035,2045,0.000e+00
2123,BTL,2035,2050,0.000e+00
2123,BTL,2040,2040,0.000e+00
2123,BTL,2040,2045,0.000e+00
2123,BTL,2040,2050,0.000e+00
2123,BTL,2045,2045,0.000e+00
2123,BTL,2045,2050,0.000e+00
2123,BTL,2050,2050,0.000e+00
2124,OTL,2020,2020,2.058e+08
2124,OTL,2020,2025,2.058e+08
2124,OTL,2020,2030,2.058e+08
2124,OTL,2020,2035,0.000e+00
2124,OTL,2025,2025,1.783e+08
2124,OTL,2025,2030,1.783e+08
2124,OTL,2025,2035,0.000e+00
2124,OTL,2025,2040,0.000e+00
2124,OTL,2030,2030,0.000e+00
2124,OTL,2030,2035,0.000e+00
2124,OTL,2030,2040,0.000e+00
2124,OTL,2030,2045,0.000e+00
2124,OTL,2035,2035,1.034e+09
2124,OTL,2035,2040,1.034e+09
2124,OTL,2035,2045,0.000e+00
2124,OTL,2035,2050,1.034e+09
2124,OTL,2040,2040,0.000e+00
2124,OTL,2040,2045,0.000e+00
2124,OTL,2040,2050,0.000e+00
2124,OTL,2045,2045,8.699e+01
2124,OTL,2045,2050,0.000e+00
2124,OTL,2050,2050,0.000e+00
2124,CTL,2020,2020,0.000e+00
2124,CTL,2020,2025,0.000e+00
2124,CTL,2020,2030,0.000e+00
2124,CTL,2020,2035,0.000e+00
2124,CTL,2025,2025,0.000e+00
2124,CTL,2025,2030,0.000e+00
2124,CTL,2025,2035,0.000e+00
2124,CTL,2025,2040,0.000e+00
2124,CTL,2030,2030,0.000e+00
2124,CTL,2030,2035,0.000e+00
2124,CTL,2030,2040,0.000e+00
2124,CTL,2030,2045,0.000e+00
2124,CTL,2035,2035,0.000e+00
2124,CTL,2035,2040,0.000e+00
2124,CTL,2035,2045,0.000e+00
2124,CTL,2035,2050,0.000e+00
2124,CTL,2040,2040,0.000e+00
2124,CTL,2040,2045,0.000e+00
2124,CTL,2040,2050,0.000e+00
2124,CTL,2045,2045,0.000e+00
2124,CTL,2045,2050,0.000e+00
2124,CTL,2050,2050,0.000e+00
2124,PTL,2020,2020,2.258e+08
2124,PTL,2020,2025,2.005e+08
2124,PTL,2020,2030,2.258e+08
2124,PTL,2020,2035,0.000e+00
2124,PTL,2025,2025,2.535e+07
2124,PTL,2025,2030,2.535e+07
2124,PTL,2025,2035,2.535e+07
2124,PTL,2025,2040,2.535e+07
2124,PTL,2030,2030,2.540e+07
2124,PTL,2030,2035,0.000e+00
2124,PTL,2030,2040,1.506e+07
2124,PTL,2030,2045,1.506e+07
2124,PTL,2035,2035,0.000e+00
2124,PTL,2035,2040,0.000e+00
2124,PTL,2035,2045,0.000e+00
2124,PTL,2035,2050,0.000e+00
2124,PTL,2040,2040,0.000e+00
2124,PTL,2040,2045,0.000e+00
2124,PTL,2040,2050,0.000e+00
2124,PTL,2045,2045,4.703e+08
2124,PTL,2045,2050,0.000e+00
2124,PTL,2050,2050,0.000e+00
2124,BTL,2020,2020,0.000e+00
2124,BTL,2020,2025,0.000e+00
2124,BTL,2020,2030,0.000e+00
2124,BTL,2020,2035,0.000e+00
2124,BTL,2025,2025,0.000e+00
2124,BTL,2025,2030,0.000e+00
2124,BTL,2025,2035,0.000e+00
2124,BTL,2025,2040,0.000e+00
2124,BTL,2030,2030,0.000e+00
2124,BTL,2030,2035,0.000e+00
2124,BTL,2030,2040,0.000e+00
2124,BTL,2030,2045,0.000e+00
2124,BTL,2035,2035,0.000e+00
2124,BTL,2035,2040,0.000e+00
2124,BTL,2035,2045,0.000e+00
2124,BTL,2035,2050,0.000e+00
2124,BTL,2040,2040,0.000e+00
2124,BTL,2040,2045,0.000e+00
2124,BTL,2040,2050,0.000e+00
2124,BTL,2045,2045,0.000e+00
2124,BTL,2045,2050,0.000e+00
2124,BTL,2050,2050,0.000e+00
2125,OTL,2020,2020,7.184e+08
2125,OTL,2020,2025,7.184e+08
2125,OTL,2020,2030,3.248e-07
2125,OTL,2020,2035,0.000e+00
2125,OTL,2025,2025,1.783e+08
2125,OTL,2025,2030,1.437e+00
2125,OTL,2025,2035,1.437e+00
2125,OTL,2025,2040,1.437e+00
2125,OTL,2030,2030,0.000e+00
2125,OTL,2030,2035,1.708e+07
2125,OTL,2030,2040,0.000e+00
2125,OTL,2030,2045,1.708e+07
2125,OTL,2035,2035,0.000e+00
2125,OTL,2035,2040,0.000e+00
2125,OTL,2035,2045,0.000e+00
2125,OTL,2035,2050,0.000e+00
2125,OTL,2040,2040,0.000e+00
2125,OTL,2040,2045,0.000e+00
2125,OTL,2040,2050,0.000e+00
2125,OTL,2045,2045,0.000e+00
2125,OTL,2045,2050,0.000e+00
2125,OTL,2050,2050,0.000e+00
2125,CTL,2020,2020,0.000e+00
2125,CTL,2020,2025,0.000e+00
2125,CTL,2020,2030,0.000e+00
2125,CTL,2020,2035,0.000e+00
2125,CTL,2025,2025,0.000e+00
2125,CTL,2025,2030,0.000e+00
2125,CTL,2025,2035,0.000e+00
2125,CTL,2025,2040,0.000e+00
2125,CTL,2030,2030,0.000e+00
2125,CTL,2030,2035,0.000e+00
2125,CTL,2030,2040,0.000e+00
2125,CTL,2030,2045,0.000e+00
2125,CTL,2035,2035,0.000e+00
2125,CTL,2035,2040,0.000e+00
2125,CTL,2035,2045,0.000e+00
2125,CTL,2035,2050,0.000e+00
2125,CTL,2040,2040,0.000e+00
2125,CTL,2040,2045,0.000e+00
2125,CTL,2040,2050,0.000e+00
2125,CTL,2045,2045,0.000e+00
2125,CTL,2045,2050,0.000e+00
2125,CTL,2050,2050,0.000e+00
2125,PTL,2020,2020,0.000e+00
2125,PTL,2020,2025,0.000e+00
2125,PTL,2020,2030,0.000e+00
2125,PTL,2020,2035,0.000e+00
2125,PTL,2025,2025,3.751e+01
2125,PTL,2025,2030,4.457e+08
2125,PTL,2025,2035,4.457e+08
2125,PTL,2025,2040,4.457e+08
2125,PTL,2030,2030,0.000e+00
2125,PTL,2030,2035,0.000e+00
2125,PTL,2030,2040,0.000e+00
2125,PTL,2030,2045,0.000e+00
2125,PTL,2035,2035,2.738e+07
2125,PTL,2035,2040,2.738e+07
2125,PTL,2035,2045,2.738e+07
2125,PTL,2035,2050,2.738e+07
2125,PTL,2040,2040,2.259e+07
2125,PTL,2040,2045,2.259e+07
2125,PTL,2040,2050,0.000e+00
2125,PTL,2045,2045,4.279e+08
2125,PTL,2045,2050,4.279e+08
2125,PTL,2050,2050,0.000e+00
2125,BTL,2020,2020,0.000e+00
2125,BTL,2020,2025,0.000e+00
2125,BTL,2020,2030,0.000e+00
2125,BTL,2020,2035,0.000e+00
2125,BTL,2025,2025,0.000e+00
2125,BTL,2025,2030,0.000e+00
2125,BTL,2025,2035,0.000e+00
2125,BTL,2025,2040,0.000e+00
2125,BTL,2030,2030,0.000e+00
2125,BTL,2030,2035,0.000e+00
2125,BTL,2030,2040,0.000e+00
2125,BTL,2030,2045,0.000e+00
2125,BTL,2035,2035,0.000e+00
2125,BTL,2035,2040,0.000e+00
2125,BTL,2035,2045,0.000e+00
2125,BTL,2035,2050,0.000e+00
2125,BTL,2040,2040,0.000e+00
2125,BTL,2040,2045,0.000e+00
2125,BTL,2040,2050,0.000e+00
2125,BTL,2045,2045,0.000e+00
2125,BTL,2045,2050,0.000e+00
2125,BTL,2050,2050,0.000e+00
2126,OTL,2020,2020,1.883e+08
2126,OTL,2020,2025,0.000e+00
2126,OTL,2020,2030,0.000e+00
2126,OTL,2020,2035,0.000e+00
2126,OTL,2025,2025,3.666e+08
2126,OTL,2025,2030,3.666e+08
2126,OTL,2025,2035,3.666e+08
2126,OTL,2025,2040,3.666e+08
2126,OTL,2030,2030,0.000e+00
2126,OTL,2030,2035,0.000e+00
2126,OTL,2030,2040,0.000e+00
2126,OTL,2030,2045,0.000e+00
2126,OTL,2035,2035,0.000e+00
2126,OTL,2035,2040,0.000e+00
2126,OTL,2035,2045,0.000e+00
2126,OTL,2035,2050,0.000e+00
2126,OTL,2040,2040,0.000e+00
2126,OTL,2040,2045,0.000e+00
2126,OTL,2040,2050,0.000e+00
2126,OTL,2045,2045,0.000e+00
2126,OTL,2045,2050,0.000e+00
2126,OTL,2050,2050,0.000e+00
2126,CTL,2020,2020,0.000e+00
2126,CTL,2020,2025,0.000e+00
2126,CTL,2020,2030,0.000e+00
2126,CTL,2020,2035,0.000e+00
2126,CTL,2025,2025,0.000e+00
2126,CTL,2025,2030,0.000e+00
2126,CTL,2025,2035,0.000e+00
2126,CTL,2025,2040,0.000e+00
2126,CTL,2030,2030,0.000e+00
2126,CTL,2030,2035,0.000e+00
2126,CTL,2030,2040,0.000e+00
2126,CTL,2030,2045,0.000e+00
2126,CTL,2035,2035,0.000e+00
2126,CTL,2035,2040,0.000e+00
2126,CTL,2035,2045,0.000e+00
2126,CTL,2035,2050,0.000e+00
2126,CTL,2040,2040,0.000e+00
2126,CTL,2040,2045,0.000e+00
2126,CTL,2040,2050,0.000e+00
2126,CTL,2045,2045,0.000e+00
2126,CTL,2045,2050,0.000e+00
2126,CTL,2050,2050,0.000e+00
2126,PTL,2020,2020,2.335e+08
2126,PTL,2020,2025,2.335e+08
2126,PTL,2020,2030,0.000e+00
2126,PTL,2020,2035,0.000e+00
2126,PTL,2025,2025,0.000e+00
2126,PTL,2025,2030,0.000e+00
2126,PTL,2025,2035,0.000e+00
2126,PTL,2025,2040,0.000e+00
2126,PTL,2030,2030,2.842e+08
2126,PTL,2030,2035,2.842e+08
2126,PTL,2030,2040,2.842e+08
2126,PTL,2030,2045,2.842e+08
2126,PTL,2035,2035,3.490e+07
2126,PTL,2035,2040,3.490e+07
2126,PTL,2035,2045,3.490e+07
2126,PTL,2035,2050,3.490e+07
2126,PTL,2040,2040,1.506e+07
2126,PTL,2040,2045,1.506e+07
2126,PTL,2040,2050,1.506e+07
2126,PTL,2045,2045,1.512e+08
2126,PTL,2045,2050,1.512e+08
2126,PTL,2050,2050,2.541e+08
2126,BTL,2020,2020,0.000e+00
2126,BTL,2020,2025,0.000e+00
2126,BTL,2020,2030,0.000e+00
2126,BTL,2020,2035,0.000e+00
2126,BTL,2025,2025,0.000e+00
2126,BTL,2025,2030,0.000e+00
2126,BTL,2025,2035,0.000e+00
2126,BTL,2025,2040,0.000e+00
2126,BTL,2030,2030,0.000e+00
2126,BTL,2030,2035,0.000e+00
2126,BTL,2030,2040,0.000e+00
2126,BTL,2030,2045,0.000e+00
2126,BTL,2035,2035,0.000e+00
2126,BTL,2035,2040,0.000e+00
2126,BTL,2035,2045,0.000e+00
2126,BTL,2035,2050,0.000e+00
2126,BTL,2040,2040,0.000e+00
2126,BTL,2040,2045,0.000e+00
2126,BTL,2040,2050,0.000e+00
2126,BTL,2045,2045,0.000e+00
2126,BTL,2045,2050,0.000e+00
2126,BTL,2050,2050,0.000e+00
2127,OTL,2020,2020,1.640e+08
2127,OTL,2020,2025,0.000e+00
2127,OTL,2020,2030,0.000e+00
2127,OTL,2020,2035,0.000e+00
2127,OTL,2025,2025,3.423e+08
2127,OTL,2025,2030,3.423e+08
2127,OTL,2025,2035,3.423e+08
2127,OTL,2025,2040,2.339e+07
2127,OTL,2030,2030,0.000e+00
2127,OTL,2030,2035,0.000e+00
2127,OTL,2030,2040,0.000e+00
2127,OTL,2030,2045,0.000e+00
2127,OTL,2035,2035,0.000e+00
2127,OTL,2035,2040,0.000e+00
2127,OTL,2035,2045,0.000e+00
2127,OTL,2035,2050,0.000e+00
2127,OTL,2040,2040,0.000e+00
2127,OTL,2040,2045,0.000e+00
2127,OTL,2040,2050,0.000e+00
2127,OTL,2045,2045,0.000e+00
2127,OTL,2045,2050,0.000e+00
2127,OTL,2050,2050,0.000e+00
2127,CTL,2020,2020,0.000e+00
2127,CTL,2020,2025,0.000e+00
2127,CTL,2020,2030,0.000e+00
2127,CTL,2020,2035,0.000e+00
2127,CTL,2025,2025,0.000e+00
2127,CTL,2025,2030,0.000e+00
2127,CTL,2025,2035,0.000e+00
2127,CTL,2025,2040,0.000e+00
2127,CTL,2030,2030,0.000e+00
2127,CTL,2030,2035,0.000e+00
2127,CTL,2030,2040,0.000e+00
2127,CTL,2030,2045,0.000e+00
2127,CTL,2035,2035,0.000e+00
2127,CTL,2035,2040,0.000e+00
2127,CTL,2035,2045,0.000e+00
2127,CTL,2035,2050,0.000e+00
2127,CTL,2040,2040,0.000e+00
2127,CTL,2040,2045,0.000e+00
2127,CTL,2040,2050,0.000e+00
2127,CTL,2045,2045,0.000e+00
2127,CTL,2045,2050,0.000e+00
2127,CTL,2050,2050,0.000e+00
2127,PTL,2020,2020,2.442e+08
2127,PTL,2020,2025,0.000e+00
2127,PTL,2020,2030,0.000e+00
2127,PTL,2020,2035,0.000e+00
2127,PTL,2025,2025,2.442e+08
2127,PTL,2025,2030,2.442e+08
2127,PTL,2025,2035,8.866e+07
2127,PTL,2025,2040,2.442e+08
2127,PTL,2030,2030,5.075e+07
2127,PTL,2030,2035,5.075e+07
2127,PTL,2030,2040,5.075e+07
2127,PTL,2030,2045,5.075e+07
2127,PTL,2035,2035,1.904e+08
2127,PTL,2035,2040,1.904e+08
2127,PTL,2035,2045,1.904e+08
2127,PTL,2035,2050,1.904e+08
2127,PTL,2040,2040,0.000e+00
2127,PTL,2040,2045,0.000e+00
2127,PTL,2040,2050,0.000e+00
2127,PTL,2045,2045,2.442e+08
2127,PTL,2045,2050,2.442e+08
2127,PTL,2050,2050,2.065e+07
2127,BTL,2020,2020,0.000e+00
2127,BTL,2020,2025,0.000e+00
2127,BTL,2020,2030,0.000e+00
2127,BTL,2020,2035,0.000e+00
2127,BTL,2025,2025,0.000e+00
2127,BTL,2025,2030,0.000e+00
2127,BTL,2025,2035,0.000e+00
2127,BTL,2025,2040,0.000e+00
2127,BTL,2030,2030,0.000e+00
2127,BTL,2030,2035,0.000e+00
2127,BTL,2030,2040,0.000e+00
2127,BTL,2030,2045,0.000e+00
2127,BTL,2035,2035,0.000e+00
2127,BTL,2035,2040,0.000e+00
2127,BTL,2035,2045,0.000e+00
2127,BTL,2035,2050,0.000e+00
2127,BTL,2040,2040,0.000e+00
2127,BTL,2040,2045,0.000e+00
2127,BTL,2040,2050,0.000e+00
2127,BTL,2045,2045,0.000e+00
2127,BTL,2045,2050,0.000e+00
2127,BTL,2050,2050,0.000e+00
2128,OTL,2020,2020,0.000e+00
2128,OTL,2020,2025,0.000e+00
2128,OTL,2020,2030,0.000e+00
2128,OTL,2020,2035,0.000e+00
2128,OTL,2025,2025,0.000e+00
2128,OTL,2025,2030,0.000e+00
2128,OTL,2025,2035,0.000e+00
2128,OTL,2025,2040,0.000e+00
2128,OTL,2030,2030,0.000e+00
2128,OTL,2030,2035,0.000e+00
2128,OTL,2030,2040,0.000e+00
2128,OTL,2030,2045,0.000e+00
2128,OTL,2035,2035,0.000e+00
2128,OTL,2035,2040,0.000e+00
2128,OTL,2035,2045,0.000e+00
2128,OTL,2035,2050,0.000e+00
2128,OTL,2040,2040,0.000e+00
2128,OTL,2040,2045,0.000e+00
2128,OTL,2040,2050,0.000e+00
2128,OTL,2045,2045,0.000e+00
2128,OTL,2045,2050,0.000e+00
2128,OTL,2050,2050,0.000e+00
2128,CTL,2020,2020,0.000e+00
2128,CTL,2020,2025,0.000e+00
2128,CTL,2020,2030,0.000e+00
2128,CTL,2020,2035,0.000e+00
2128,CTL,2025,2025,0.000e+00
2128,CTL,2025,2030,0.000e+00
2128,CTL,2025,2035,0.000e+00
2128,CTL,2025,2040,0.000e+00
2128,CTL,2030,2030,0.000e+00
2128,CTL,2030,2035,0.000e+00
2128,CTL,2030,2040,0.000e+00
2128,CTL,2030,2045,0.000e+00
2128,CTL,2035,2035,0.000e+00
2128,CTL,2035,2040,0.000e+00
2128,CTL,2035,2045,0.000e+00
2128,CTL,2035,2050,0.000e+00
2128,CTL,2040,2040,0.000e+00
2128,CTL,2040,2045,0.000e+00
2128,CTL,2040,2050,0.000e+00
2128,CTL,2045,2045,0.000e+00
2128,CTL,2045,2050,0.000e+00
2128,CTL,2050,2050,0.000e+00
2128,PTL,2020,2020,3.165e+08
2128,PTL,2020,2025,3.950e+08
2128,PTL,2020,2030,4.457e+08
2128,PTL,2020,2035,4.703e+08
2128,PTL,2025,2025,0.000e+00
2128,PTL,2025,2030,0.000e+00
2128,PTL,2025,2035,0.000e+00
2128,PTL,2025,2040,0.000e+00
2128,PTL,2030,2030,0.000e+00
2128,PTL,2030,2035,0.000e+00
2128,PTL,2030,2040,0.000e+00
2128,PTL,2030,2045,0.000e+00
2128,PTL,2035,2035,1.030e+07
2128,PTL,2035,2040,1.030e+07
2128,PTL,2035,2045,0.000e+00
2128,PTL,2035,2050,0.000e+00
2128,PTL,2040,2040,4.854e+08
2128,PTL,2040,2045,4.854e+08
2128,PTL,2040,2050,0.000e+00
2128,PTL,2045,2045,0.000e+00
2128,PTL,2045,2050,0.000e+00
2128,PTL,2050,2050,0.000e+00
2128,BTL,2020,2020,0.000e+00
2128,BTL,2020,2025,0.000e+00
2128,BTL,2020,2030,0.000e+00
2128,BTL,2020,2035,0.000e+00
2128,BTL,2025,2025,0.000e+00
2128,BTL,2025,2030,0.000e+00
2128,BTL,2025,2035,0.000e+00
2128,BTL,2025,2040,0.000e+00
2128,BTL,2030,2030,0.000e+00
2128,BTL,2030,2035,0.000e+00
2128,BTL,2030,2040,0.000e+00
2128,BTL,2030,2045,0.000e+00
2128,BTL,2035,2035,0.000e+00
2128,BTL,2035,2040,0.000e+00
2128,BTL,2035,2045,0.000e+00
2128,BTL,2035,2050,0.000e+00
2128,BTL,2040,2040,1.084e-05
2128,BTL,2040,2045,0.000e+00
2128,BTL,2040,2050,0.000e+00
2128,BTL,2045,2045,1.288e+02
2128,BTL,2045,2050,0.000e+00
2128,BTL,2050,2050,1.530e+09
2129,OTL,2020,2020,1.354e+08
2129,OTL,2020,2025,1.354e+08
2129,OTL,2020,2030,0.000e+00
2129,OTL,2020,2035,0.000e+00
2129,OTL,2025,2025,0.000e+00
2129,OTL,2025,2030,0.000e+00
2129,OTL,2025,2035,0.000e+00
2129,OTL,2025,2040,0.000e+00
2129,OTL,2030,2030,0.000e+00
2129,OTL,2030,2035,0.000e+00
2129,OTL,2030,2040,0.000e+00
2129,OTL,2030,2045,0.000e+00
2129,OTL,2035,2035,0.000e+00
2129,OTL,2035,2040,0.000e+00
2129,OTL,2035,2045,0.000e+00
2129,OTL,2035,2050,0.000e+00
2129,OTL,2040,2040,0.000e+00
2129,OTL,2040,2045,0.000e+00
2129,OTL,2040,2050,0.000e+00
2129,OTL,2045,2045,0.000e+00
2129,OTL,2045,2050,0.000e+00
2129,OTL,2050,2050,0.000e+00
2129,CTL,2020,2020,0.000e+00
2129,CTL,2020,2025,0.000e+00
2129,CTL,2020,2030,0.000e+00
2129,CTL,2020,2035,0.000e+00
2129,CTL,2025,2025,0.000e+00
2129,CTL,2025,2030,0.000e+00
2129,CTL,2025,2035,0.000e+00
2129,CTL,2025,2040,0.000e+00
2129,CTL,2030,2030,0.000e+00
2129,CTL,2030,2035,0.000e+00
2129,CTL,2030,2040,0.000e+00
2129,CTL,2030,2045,0.000e+00
2129,CTL,2035,2035,0.000e+00
2129,CTL,2035,2040,0.000e+00
2129,CTL,2035,2045,0.000e+00
2129,CTL,2035,2050,0.000e+00
2129,CTL,2040,2040,0.000e+00
2129,CTL,2040,2045,0.000e+00
2129,CTL,2040,2050,0.000e+00
2129,CTL,2045,2045,0.000e+00
2129,CTL,2045,2050,0.000e+00
2129,CTL,2050,2050,0.000e+00
2129,PTL,2020,2020,2.568e+08
2129,PTL,2020,2025,3.353e+08
2129,PTL,2020,2030,4.457e+08
2129,PTL,2020,2035,4.806e+08
2129,PTL,2025,2025,0.000e+00
2129,PTL,2025,2030,0.000e+00
2129,PTL,2025,2035,0.000e+00
2129,PTL,2025,2040,4.957e+08
2129,PTL,2030,2030,0.000e+00
2129,PTL,2030,2035,0.000e+00
2129,PTL,2030,2040,0.000e+00
2129,PTL,2030,2045,4.854e+08
2129,PTL,2035,2035,0.000e+00
2129,PTL,2035,2040,0.000e+00
2129,PTL,2035,2045,0.000e+00
2129,PTL,2035,2050,4.553e+08
2129,PTL,2040,2040,0.000e+00
2129,PTL,2040,2045,0.000e+00
2129,PTL,2040,2050,0.000e+00
2129,PTL,2045,2045,0.000e+00
2129,PTL,2045,2050,0.000e+00
2129,PTL,2050,2050,0.000e+00
2129,BTL,2020,2020,0.000e+00
2129,BTL,2020,2025,0.000e+00
2129,BTL,2020,2030,0.000e+00
2129,BTL,2020,2035,0.000e+00
2129,BTL,2025,2025,0.000e+00
2129,BTL,2025,2030,0.000e+00
2129,BTL,2025,2035,0.000e+00
2129,BTL,2025,2040,0.000e+00
2129,BTL,2030,2030,0.000e+00
2129,BTL,2030,2035,0.000e+00
2129,BTL,2030,2040,0.000e+00
2129,BTL,2030,2045,0.000e+00
2129,BTL,2035,2035,0.000e+00
2129,BTL,2035,2040,0.000e+00
2129,BTL,2035,2045,0.000e+00
2129,BTL,2035,2050,0.000e+00
2129,BTL,2040,2040,0.000e+00
2129,BTL,2040,2045,0.000e+00
2129,BTL,2040,2050,0.000e+00
2129,BTL,2045,2045,0.000e+00
2129,BTL,2045,2050,0.000e+00
2129,BTL,2050,2050,0.000e+00
2130,OTL,2020,2020,0.000e+00
2130,OTL,2020,2025,0.000e+00
2130,OTL,2020,2030,0.000e+00
2130,OTL,2020,2035,0.000e+00
2130,OTL,2025,2025,0.000e+00
2130,OTL,2025,2030,0.000e+00
2130,OTL,2025,2035,0.000e+00
2130,OTL,2025,2040,0.000e+00
2130,OTL,2030,2030,0.000e+00
2130,OTL,2030,2035,0.000e+00
2130,OTL,2030,2040,0.000e+00
2130,OTL,2030,2045,0.000e+00
2130,OTL,2035,2035,0.000e+00
2130,OTL,2035,2040,0.000e+00
2130,OTL,2035,2045,0.000e+00
2130,OTL,2035,2050,0.000e+00
2130,OTL,2040,2040,0.000e+00
2130,OTL,2040,2045,0.000e+00
2130,OTL,2040,2050,0.000e+00
2130,OTL,2045,2045,0.000e+00
2130,OTL,2045,2050,0.000e+00
2130,OTL,2050,2050,0.000e+00
2130,CTL,2020,2020,0.000e+00
2130,CTL,2020,2025,0.000e+00
2130,CTL,2020,2030,0.000e+00
2130,CTL,2020,2035,0.000e+00
2130,CTL,2025,2025,0.000e+00
2130,CTL,2025,2030,0.000e+00
2130,CTL,2025,2035,0.000e+00
2130,CTL,2025,2040,0.000e+00
2130,CTL,2030,2030,0.000e+00
2130,CTL,2030,2035,0.000e+00
2130,CTL,2030,2040,0.000e+00
2130,CTL,2030,2045,0.000e+00
2130,CTL,2035,2035,0.000e+00
2130,CTL,2035,2040,0.000e+00
2130,CTL,2035,2045,0.000e+00
2130,CTL,2035,2050,0.000e+00
2130,CTL,2040,2040,0.000e+00
2130,CTL,2040,2045,0.000e+00
2130,CTL,2040,2050,0.000e+00
2130,CTL,2045,2045,0.000e+00
2130,CTL,2045,2050,0.000e+00
2130,CTL,2050,2050,0.000e+00
2130,PTL,2020,2020,3.165e+08
2130,PTL,2020,2025,3.950e+08
2130,PTL,2020,2030,4.457e+08
2130,PTL,2020,2035,4.457e+08
2130,PTL,2025,2025,0.000e+00
2130,PTL,2025,2030,0.000e+00
2130,PTL,2025,2035,3.490e+07
2130,PTL,2025,2040,4.957e+08
2130,PTL,2030,2030,0.000e+00
2130,PTL,2030,2035,0.000e+00
2130,PTL,2030,2040,0.000e+00
2130,PTL,2030,2045,4.854e+08
2130,PTL,2035,2035,0.000e+00
2130,PTL,2035,2040,0.000e+00
2130,PTL,2035,2045,0.000e+00
2130,PTL,2035,2050,4.553e+08
2130,PTL,2040,2040,0.000e+00
2130,PTL,2040,2045,0.000e+00
2130,PTL,2040,2050,0.000e+00
2130,PTL,2045,2045,0.000e+00
2130,PTL,2045,2050,0.000e+00
2130,PTL,2050,2050,0.000e+00
2130,BTL,2020,2020,0.000e+00
2130,BTL,2020,2025,0.000e+00
2130,BTL,2020,2030,0.000e+00
2130,BTL,2020,2035,0.000e+00
2130,BTL,2025,2025,0.000e+00
2130,BTL,2025,2030,0.000e+00
2130,BTL,2025,2035,0.000e+00
2130,BTL,2025,2040,0.000e+00
2130,BTL,2030,2030,0.000e+00
2130,BTL,2030,2035,0.000e+00
2130,BTL,2030,2040,0.000e+00
2130,BTL,2030,2045,0.000e+00
2130,BTL,2035,2035,0.000e+00
2130,BTL,2035,2040,0.000e+00
2130,BTL,2035,2045,0.000e+00
2130,BTL,2035,2050,0.000e+00
2130,BTL,2040,2040,0.000e+00
2130,BTL,2040,2045,0.000e+00
2130,BTL,2040,2050,0.000e+00
2130,BTL,2045,2045,0.000e+00
2130,BTL,2045,2050,0.000e+00
2130,BTL,2050,2050,0.000e+00
2131,OTL,2020,2020,7.184e+08
2131,OTL,2020,2025,1.012e+09
2131,OTL,2020,2030,1.012e+09
2131,OTL,2020,2035,1.012e+09
2131,OTL,2025,2025,0.000e+00
2131,OTL,2025,2030,0.000e+00
2131,OTL,2025,2035,1.134e+08
2131,OTL,2025,2040,1.125e+09
2131,OTL,2030,2030,0.000e+00
2131,OTL,2030,2035,0.000e+00
2131,OTL,2030,2040,0.000e+00
2131,OTL,2030,2045,1.102e+09
2131,OTL,2035,2035,0.000e+00
2131,OTL,2035,2040,0.000e+00
2131,OTL,2035,2045,0.000e+00
2131,OTL,2035,2050,1.034e+09
2131,OTL,2040,2040,0.000e+00
2131,OTL,2040,2045,0.000e+00
2131,OTL,2040,2050,0.000e+00
2131,OTL,2045,2045,0.000e+00
2131,OTL,2045,2050,0.000e+00
2131,OTL,2050,2050,0.000e+00
2131,CTL,2020,2020,0.000e+00
2131,CTL,2020,2025,0.000e+00
2131,CTL,2020,2030,0.000e+00
2131,CTL,2020,2035,0.000e+00
2131,CTL,2025,2025,0.000e+00
2131,CTL,2025,2030,0.000e+00
2131,CTL,2025,2035,0.000e+00
2131,CTL,2025,2040,0.000e+00
2131,CTL,2030,2030,0.000e+00
2131,CTL,2030,2035,0.000e+00
2131,CTL,2030,2040,0.000e+00
2131,CTL,2030,2045,0.000e+00
2131,CTL,2035,2035,0.000e+00
2131,CTL,2035,2040,0.000e+00
2131,CTL,2035,2045,0.000e+00
2131,CTL,2035,2050,0.000e+00
2131,CTL,2040,2040,0.000e+00
2131,CTL,2040,2045,0.000e+00
2131,CTL,2040,2050,0.000e+00
2131,CTL,2045,2045,0.000e+00
2131,CTL,2045,2050,0.000e+00
2131,CTL,2050,2050,0.000e+00
2131,PTL,2020,2020,0.000e+00
2131,PTL,2020,2025,0.000e+00
2131,PTL,2020,2030,0.000e+00
2131,PTL,2020,2035,0.000e+00
2131,PTL,2025,2025,0.000e+00
2131,PTL,2025,2030,0.000e+00
2131,PTL,2025,2035,0.000e+00
2131,PTL,2025,2040,0.000e+00
2131,PTL,2030,2030,0.000e+00
2131,PTL,2030,2035,0.000e+00
2131,PTL,2030,2040,0.000e+00
2131,PTL,2030,2045,0.000e+00
2131,PTL,2035,2035,0.000e+00
2131,PTL,2035,2040,0.000e+00
2131,PTL,2035,2045,0.000e+00
2131,PTL,2035,2050,0.000e+00
2131,PTL,2040,2040,0.000e+00
2131,PTL,2040,2045,0.000e+00
2131,PTL,2040,2050,0.000e+00
2131,PTL,2045,2045,0.000e+00
2131,PTL,2045,2050,0.000e+00
2131,PTL,2050,2050,0.000e+00
2131,BTL,2020,2020,0.000e+00
2131,BTL,2020,2025,0.000e+00
2131,BTL,2020,2030,0.000e+00
2131,BTL,2020,2035,0.000e+00
2131,BTL,2025,2025,0.000e+00
2131,BTL,2025,2030,0.000e+00
2131,BTL,2025,2035,0.000e+00
2131,BTL,2025,2040,0.000e+00
2131,BTL,2030,2030,0.000e+00
2131,BTL,2030,2035,0.000e+00
2131,BTL,2030,2040,0.000e+00
2131,BTL,2030,2045,0.000e+00
2131,BTL,2035,2035,0.000e+00
2131,BTL,2035,2040,0.000e+00
2131,BTL,2035,2045,0.000e+00
2131,BTL,2035,2050,0.000e+00
2131,BTL,2040,2040,0.000e+00
2131,BTL,2040,2045,0.000e+00
2131,BTL,2040,2050,0.000e+00
2131,BTL,2045,2045,0.000e+00
2131,BTL,2045,2050,0.000e+00
2131,BTL,2050,2050,0.000e+00
2132,OTL,2020,2020,7.184e+08
2132,OTL,2020,2025,0.000e+00
2132,OTL,2020,2030,0.000e+00
2132,OTL,2020,2035,0.000e+00
2132,OTL,2025,2025,8.967e+08
2132,OTL,2025,2030,9.184e+01
2132,OTL,2025,2035,1.091e+09
2132,OTL,2025,2040,0.000e+00
2132,OTL,2030,2030,0.000e+00
2132,OTL,2030,2035,0.000e+00
2132,OTL,2030,2040,0.000e+00
2132,OTL,2030,2045,0.000e+00
2132,OTL,2035,2035,0.000e+00
2132,OTL,2035,2040,0.000e+00
2132,OTL,2035,2045,0.000e+00
2132,OTL,2035,2050,0.000e+00
2132,OTL,2040,2040,0.000e+00
2132,OTL,2040,2045,0.000e+00
2132,OTL,2040,2050,0.000e+00
2132,OTL,2045,2045,0.000e+00
2132,OTL,2045,2050,0.000e+00
2132,OTL,2050,2050,0.000e+00
2132,CTL,2020,2020,0.000e+00
2132,CTL,2020,2025,0.000e+00
2132,CTL,2020,2030,0.000e+00
2132,CTL,2020,2035,0.000e+00
2132,CTL,2025,2025,0.000e+00
2132,CTL,2025,2030,0.000e+00
2132,CTL,2025,2035,0.000e+00
2132,CTL,2025,2040,0.000e+00
2132,CTL,2030,2030,0.000e+00
2132,CTL,2030,2035,0.000e+00
2132,CTL,2030,2040,0.000e+00
2132,CTL,2030,2045,0.000e+00
2132,CTL,2035,2035,0.000e+00
2132,CTL,2035,2040,0.000e+00
2132,CTL,2035,2045,0.000e+00
2132,CTL,2035,2050,0.000e+00
2132,CTL,2040,2040,0.000e+00
2132,CTL,2040,2045,0.000e+00
2132,CTL,2040,2050,0.000e+00
2132,CTL,2045,2045,0.000e+00
2132,CTL,2045,2050,0.000e+00
2132,CTL,2050,2050,0.000e+00
2132,PTL,2020,2020,4.172e+01
2132,PTL,2020,2025,4.172e+01
2132,PTL,2020,2030,4.172e+01
2132,PTL,2020,2035,4.172e+01
2132,PTL,2025,2025,0.000e+00
2132,PTL,2025,2030,4.457e+08
2132,PTL,2025,2035,0.000e+00
2132,PTL,2025,2040,4.957e+08
2132,PTL,2030,2030,0.000e+00
2132,PTL,2030,2035,0.000e+00
2132,PTL,2030,2040,0.000e+00
2132,PTL,2030,2045,4.854e+08
2132,PTL,2035,2035,0.000e+00
2132,PTL,2035,2040,0.000e+00
2132,PTL,2035,2045,0.000e+00
2132,PTL,2035,2050,4.553e+08
2132,PTL,2040,2040,0.000e+00
2132,PTL,2040,2045,0.000e+00
2132,PTL,2040,2050,0.000e+00
2132,PTL,2045,2045,0.000e+00
2132,PTL,2045,2050,0.000e+00
2132,PTL,2050,2050,0.000e+00
2132,BTL,2020,2020,0.000e+00
2132,BTL,2020,2025,0.000e+00
2132,BTL,2020,2030,0.000e+00
2132,BTL,2020,2035,0.000e+00
2132,BTL,2025,2025,0.000e+00
2132,BTL,2025,2030,0.000e+00
2132,BTL,2025,2035,0.000e+00
2132,BTL,2025,2040,0.000e+00
2132,BTL,2030,2030,0.000e+00
2132,BTL,2030,2035,0.000e+00
2132,BTL,2030,2040,0.000e+00
2132,BTL,2030,2045,0.000e+00
2132,BTL,2035,2035,0.000e+00
2132,BTL,2035,2040,0.000e+00
2132,BTL,2035,2045,0.000e+00
2132,BTL,2035,2050,0.000e+00
2132,BTL,2040,2040,0.000e+00
2132,BTL,2040,2045,0.000e+00
2132,BTL,2040,2050,0.000e+00
2132,BTL,2045,2045,0.000e+00
2132,BTL,2045,2050,0.000e+00
2132,BTL,2050,2050,0.000e+00
2133,OTL,2020,2020,3.800e+08
2133,OTL,2020,2025,3.800e+08
2133,OTL,2020,2030,3.800e+08
2133,OTL,2020,2035,3.800e+08
2133,OTL,2025,2025,0.000e+00
2133,OTL,2025,2030,0.000e+00
2133,OTL,2025,2035,0.000e+00
2133,OTL,2025,2040,0.000e+00
2133,OTL,2030,2030,0.000e+00
2133,OTL,2030,2035,0.000e+00
2133,OTL,2030,2040,0.000e+00
2133,OTL,2030,2045,0.000e+00
2133,OTL,2035,2035,0.000e+00
2133,OTL,2035,2040,0.000e+00
2133,OTL,2035,2045,0.000e+00
2133,OTL,2035,2050,0.000e+00
2133,OTL,2040,2040,0.000e+00
2133,OTL,2040,2045,0.000e+00
2133,OTL,2040,2050,0.000e+00
2133,OTL,2045,2045,0.000e+00
2133,OTL,2045,2050,0.000e+00
2133,OTL,2050,2050,0.000e+00
2133,CTL,2020,2020,0.000e+00
2133,CTL,2020,2025,0.000e+00
2133,CTL,2020,2030,0.000e+00
2133,CTL,2020,2035,0.000e+00
2133,CTL,2025,2025,0.000e+00
2133,CTL,2025,2030,0.000e+00
2133,CTL,2025,2035,0.000e+00
2133,CTL,2025,2040,0.000e+00
2133,CTL,2030,2030,0.000e+00
2133,CTL,2030,2035,0.000e+00
2133,CTL,2030,2040,0.000e+00
2133,CTL,2030,2045,0.000e+00
2133,CTL,2035,2035,0.000e+00
2133,CTL,2035,2040,0.000e+00
2133,CTL,2035,2045,0.000e+00
2133,CTL,2035,2050,0.000e+00
2133,CTL,2040,2040,0.000e+00
2133,CTL,2040,2045,0.000e+00
2133,CTL,2040,2050,0.000e+00
2133,CTL,2045,2045,0.000e+00
2133,CTL,2045,2050,0.000e+00
2133,CTL,2050,2050,0.000e+00
2133,PTL,2020,2020,1.491e+08
2133,PTL,2020,2025,1.491e+08
2133,PTL,2020,2030,0.000e+00
2133,PTL,2020,2035,0.000e+00
2133,PTL,2025,2025,7.852e+07
2133,PTL,2025,2030,7.852e+07
2133,PTL,2025,2035,0.000e+00
2133,PTL,2025,2040,0.000e+00
2133,PTL,2030,2030,1.998e+08
2133,PTL,2030,2035,0.000e+00
2133,PTL,2030,2040,1.825e+08
2133,PTL,2030,2045,0.000e+00
2133,PTL,2035,2035,3.132e+08
2133,PTL,2035,2040,3.132e+08
2133,PTL,2035,2045,3.132e+08
2133,PTL,2035,2050,2.831e+08
2133,PTL,2040,2040,0.000e+00
2133,PTL,2040,2045,0.000e+00
2133,PTL,2040,2050,0.000e+00
2133,PTL,2045,2045,1.721e+08
2133,PTL,2045,2050,1.721e+08
2133,PTL,2050,2050,0.000e+00
2133,BTL,2020,2020,0.000e+00
2133,BTL,2020,2025,0.000e+00
2133,BTL,2020,2030,0.000e+00
2133,BTL,2020,2035,0.000e+00
2133,BTL,2025,2025,0.000e+00
2133,BTL,2025,2030,0.000e+00
2133,BTL,2025,2035,0.000e+00
2133,BTL,2025,2040,0.000e+00
2133,BTL,2030,2030,0.000e+00
2133,BTL,2030,2035,0.000e+00
2133,BTL,2030,2040,0.000e+00
2133,BTL,2030,2045,0.000e+00
2133,BTL,2035,2035,0.000e+00
2133,BTL,2035,2040,0.000e+00
2133,BTL,2035,2045,0.000e+00
2133,BTL,2035,2050,0.000e+00
2133,BTL,2040,2040,0.000e+00
2133,BTL,2040,2045,0.000e+00
2133,BTL,2040,2050,0.000e+00
2133,BTL,2045,2045,0.000e+00
2133,BTL,2045,2050,0.000e+00
2133,BTL,2050,2050,0.000e+00
2134,OTL,2020,2020,7.148e+08
2134,OTL,2020,2025,7.148e+08
2134,OTL,2020,2030,7.148e+08
2134,OTL,2020,2035,0.000e+00
2134,OTL,2025,2025,1.819e+08
2134,OTL,2025,2030,1.819e+08
2134,OTL,2025,2035,8.699e+01
2134,OTL,2025,2040,8.699e+01
2134,OTL,2030,2030,1.152e+08
2134,OTL,2030,2035,0.000e+00
2134,OTL,2030,2040,0.000e+00
2134,OTL,2030,2045,0.000e+00
2134,OTL,2035,2035,0.000e+00
2134,OTL,2035,2040,0.000e+00
2134,OTL,2035,2045,1.034e+09
2134,OTL,2035,2050,1.034e+09
2134,OTL,2040,2040,0.000e+00
2134,OTL,2040,2045,0.000e+00
2134,OTL,2040,2050,0.000e+00
2134,OTL,2045,2045,0.000e+00
2134,OTL,2045,2050,0.000e+00
2134,OTL,2050,2050,0.000e+00
2134,CTL,2020,2020,0.000e+00
2134,CTL,2020,2025,0.000e+00
2134,CTL,2020,2030,0.000e+00
2134,CTL,2020,2035,0.000e+00
2134,CTL,2025,2025,0.000e+00
2134,CTL,2025,2030,0.000e+00
2134,CTL,2025,2035,0.000e+00
2134,CTL,2025,2040,0.000e+00
2134,CTL,2030,2030,0.000e+00
2134,CTL,2030,2035,0.000e+00
2134,CTL,2030,2040,0.000e+00
2134,CTL,2030,2045,0.000e+00
2134,CTL,2035,2035,0.000e+00
2134,CTL,2035,2040,0.000e+00
2134,CTL,2035,2045,0.000e+00
2134,CTL,2035,2050,0.000e+00
2134,CTL,2040,2040,0.000e+00
2134,CTL,2040,2045,0.000e+00
2134,CTL,2040,2050,0.000e+00
2134,CTL,2045,2045,0.000e+00
2134,CTL,2045,2050,0.000e+00
2134,CTL,2050,2050,0.000e+00
2134,PTL,2020,2020,1.599e+06
2134,PTL,2020,2025,3.405e-06
2134,PTL,2020,2030,4.045e+01
2134,PTL,2020,2035,4.045e+01
2134,PTL,2025,2025,0.000e+00
2134,PTL,2025,2030,0.000e+00
2134,PTL,2025,2035,0.000e+00
2134,PTL,2025,2040,0.000e+00
2134,PTL,2030,2030,0.000e+00
2134,PTL,2030,2035,0.000e+00
2134,PTL,2030,2040,0.000e+00
2134,PTL,2030,2045,0.000e+00
2134,PTL,2035,2035,4.806e+08
2134,PTL,2035,2040,4.806e+08
2134,PTL,2035,2045,1.504e+07
2134,PTL,2035,2050,0.000e+00
2134,PTL,2040,2040,1.506e+07
2134,PTL,2040,2045,1.506e+07
2134,PTL,2040,2050,0.000e+00
2134,PTL,2045,2045,0.000e+00
2134,PTL,2045,2050,0.000e+00
2134,PTL,2050,2050,0.000e+00
2134,BTL,2020,2020,0.000e+00
2134,BTL,2020,2025,0.000e+00
2134,BTL,2020,2030,0.000e+00
2134,BTL,2020,2035,0.000e+00
2134,BTL,2025,2025,0.000e+00
2134,BTL,2025,2030,0.000e+00
2134,BTL,2025,2035,0.000e+00
2134,BTL,2025,2040,0.000e+00
2134,BTL,2030,2030,0.000e+00
2134,BTL,2030,2035,0.000e+00
2134,BTL,2030,2040,0.000e+00
2134,BTL,2030,2045,0.000e+00
2134,BTL,2035,2035,0.000e+00
2134,BTL,2035,2040,0.000e+00
2134,BTL,2035,2045,0.000e+00
2134,BTL,2035,2050,0.000e+00
2134,BTL,2040,2040,0.000e+00
2134,BTL,2040,2045,0.000e+00
2134,BTL,2040,2050,0.000e+00
2134,BTL,2045,2045,0.000e+00
2134,BTL,2045,2050,0.000e+00
2134,BTL,2050,2050,0.000e+00
2135,OTL,2020,2020,7.184e+08
2135,OTL,2020,2025,7.184e+08
2135,OTL,2020,2030,0.000e+00
2135,OTL,2020,2035,0.000e+00
2135,OTL,2025,2025,1.783e+08
2135,OTL,2025,2030,0.000e+00
2135,OTL,2025,2035,0.000e+00
2135,OTL,2025,2040,0.000e+00
2135,OTL,2030,2030,1.012e+09
2135,OTL,2030,2035,9.777e+08
2135,OTL,2030,2040,1.012e+09
2135,OTL,2030,2045,1.151e+07
2135,OTL,2035,2035,1.134e+08
2135,OTL,2035,2040,1.134e+08
2135,OTL,2035,2045,0.000e+00
2135,OTL,2035,2050,0.000e+00
2135,OTL,2040,2040,0.000e+00
2135,OTL,2040,2045,0.000e+00
2135,OTL,2040,2050,0.000e+00
2135,OTL,2045,2045,0.000e+00
2135,OTL,2045,2050,0.000e+00
2135,OTL,2050,2050,0.000e+00
2135,CTL,2020,2020,0.000e+00
2135,CTL,2020,2025,0.000e+00
2135,CTL,2020,2030,0.000e+00
2135,CTL,2020,2035,0.000e+00
2135,CTL,2025,2025,0.000e+00
2135,CTL,2025,2030,0.000e+00
2135,CTL,2025,2035,0.000e+00
2135,CTL,2025,2040,0.000e+00
2135,CTL,2030,2030,0.000e+00
2135,CTL,2030,2035,0.000e+00
2135,CTL,2030,2040,0.000e+00
2135,CTL,2030,2045,0.000e+00
2135,CTL,2035,2035,0.000e+00
2135,CTL,2035,2040,0.000e+00
2135,CTL,2035,2045,0.000e+00
2135,CTL,2035,2050,0.000e+00
2135,CTL,2040,2040,0.000e+00
2135,CTL,2040,2045,0.000e+00
2135,CTL,2040,2050,0.000e+00
2135,CTL,2045,2045,0.000e+00
2135,CTL,2045,2050,0.000e+00
2135,CTL,2050,2050,0.000e+00
2135,PTL,2020,2020,0.000e+00
2135,PTL,2020,2025,0.000e+00
2135,PTL,2020,2030,0.000e+00
2135,PTL,2020,2035,0.000e+00
2135,PTL,2025,2025,0.000e+00
2135,PTL,2025,2030,0.000e+00
2135,PTL,2025,2035,0.000e+00
2135,PTL,2025,2040,0.000e+00
2135,PTL,2030,2030,0.000e+00
2135,PTL,2030,2035,3.402e-06
2135,PTL,2030,2040,3.402e-06
2135,PTL,2030,2045,3.402e-06
2135,PTL,2035,2035,0.000e+00
2135,PTL,2035,2040,0.000e+00
2135,PTL,2035,2045,0.000e+00
2135,PTL,2035,2050,0.000e+00
2135,PTL,2040,2040,4.043e+01
2135,PTL,2040,2045,0.000e+00
2135,PTL,2040,2050,0.000e+00
2135,PTL,2045,2045,4.803e+08
2135,PTL,2045,2050,4.553e+08
2135,PTL,2050,2050,0.000e+00
2135,BTL,2020,2020,0.000e+00
2135,BTL,2020,2025,0.000e+00
2135,BTL,2020,2030,0.000e+00
2135,BTL,2020,2035,0.000e+00
2135,BTL,2025,2025,0.000e+00
2135,BTL,2025,2030,0.000e+00
2135,BTL,2025,2035,0.000e+00
2135,BTL,2025,2040,0.000e+00
2135,BTL,2030,2030,0.000e+00
2135,BTL,2030,2035,0.000e+00
2135,BTL,2030,2040,0.000e+00
2135,BTL,2030,2045,0.000e+00
2135,BTL,2035,2035,0.000e+00
2135,BTL,2035,2040,0.000e+00
2135,BTL,2035,2045,0.000e+00
2135,BTL,2035,2050,0.000e+00
2135,BTL,2040,2040,0.000e+00
2135,BTL,2040,2045,0.000e+00
2135,BTL,2040,2050,0.000e+00
2135,BTL,2045,2045,0.000e+00
2135,BTL,2045,2050,0.000e+00
2135,BTL,2050,2050,0.000e+00
2136,OTL,2020,2020,7.184e+08
2136,OTL,2020,2025,7.184e+08
2136,OTL,2020,2030,0.000e+00
2136,OTL,2020,2035,0.000e+00
2136,OTL,2025,2025,1.783e+08
2136,OTL,2025,2030,0.000e+00
2136,OTL,2025,2035,0.000e+00
2136,OTL,2025,2040,0.000e+00
2136,OTL,2030,2030,1.012e+09
2136,OTL,2030,2035,1.091e+09
2136,OTL,2030,2040,1.091e+09
2136,OTL,2030,2045,3.844e+08
2136,OTL,2035,2035,0.000e+00
2136,OTL,2035,2040,0.000e+00
2136,OTL,2035,2045,0.000e+00
2136,OTL,2035,2050,0.000e+00
2136,OTL,2040,2040,3.420e+07
2136,OTL,2040,2045,0.000e+00
2136,OTL,2040,2050,3.420e+07
2136,OTL,2045,2045,0.000e+00
2136,OTL,2045,2050,0.000e+00
2136,OTL,2050,2050,0.000e+00
2136,CTL,2020,2020,0.000e+00
2136,CTL,2020,2025,0.000e+00
2136,CTL,2020,2030,0.000e+00
2136,CTL,2020,2035,0.000e+00
2136,CTL,2025,2025,0.000e+00
2136,CTL,2025,2030,0.000e+00
2136,CTL,2025,2035,0.000e+00
2136,CTL,2025,2040,0.000e+00
2136,CTL,2030,2030,0.000e+00
2136,CTL,2030,2035,0.000e+00
2136,CTL,2030,2040,0.000e+00
2136,CTL,2030,2045,0.000e+00
2136,CTL,2035,2035,0.000e+00
2136,CTL,2035,2040,0.000e+00
2136,CTL,2035,2045,0.000e+00
2136,CTL,2035,2050,0.000e+00
2136,CTL,2040,2040,0.000e+00
2136,CTL,2040,2045,0.000e+00
2136,CTL,2040,2050,0.000e+00
2136,CTL,2045,2045,0.000e+00
2136,CTL,2045,2050,0.000e+00
2136,CTL,2050,2050,0.000e+00
2136,PTL,2020,2020,0.000e+00
2136,PTL,2020,2025,0.000e+00
2136,PTL,2020,2030,0.000e+00
2136,PTL,2020,2035,0.000e+00
2136,PTL,2025,2025,0.000e+00
2136,PTL,2025,2030,0.000e+00
2136,PTL,2025,2035,0.000e+00
2136,PTL,2025,2040,0.000e+00
2136,PTL,2030,2030,2.384e-06
2136,PTL,2030,2035,2.384e-06
2136,PTL,2030,2040,2.384e-06
2136,PTL,2030,2045,2.384e-06
2136,PTL,2035,2035,0.000e+00
2136,PTL,2035,2040,0.000e+00
2136,PTL,2035,2045,0.000e+00
2136,PTL,2035,2050,0.000e+00
2136,PTL,2040,2040,2.660e+01
2136,PTL,2040,2045,2.660e+01
2136,PTL,2040,2050,2.660e+01
2136,PTL,2045,2045,3.161e+08
2136,PTL,2045,2050,3.161e+08
2136,PTL,2050,2050,1.242e+08
2136,BTL,2020,2020,0.000e+00
2136,BTL,2020,2025,0.000e+00
2136,BTL,2020,2030,0.000e+00
2136,BTL,2020,2035,0.000e+00
2136,BTL,2025,2025,0.000e+00
2136,BTL,2025,2030,0.000e+00
2136,BTL,2025,2035,0.000e+00
2136,BTL,2025,2040,0.000e+00
2136,BTL,2030,2030,0.000e+00
2136,BTL,2030,2035,0.000e+00
2136,BTL,2030,2040,0.000e+00
2136,BTL,2030,2045,0.000e+00
2136,BTL,2035,2035,0.000e+00
2136,BTL,2035,2040,0.000e+00
2136,BTL,2035,2045,0.000e+00
2136,BTL,2035,2050,0.000e+00
2136,BTL,2040,2040,0.000e+00
2136,BTL,2040,2045,0.000e+00
2136,BTL,2040,2050,0.000e+00
2136,BTL,2045,2045,0.000e+00
2136,BTL,2045,2050,0.000e+00
2136,BTL,2050,2050,0.000e+00
2137,OTL,2020,2020,7.184e+08
2137,OTL,2020,2025,7.184e+08
2137,OTL,2020,2030,7.184e+08
2137,OTL,2020,2035,0.000e+00
2137,OTL,2025,2025,1.783e+08
2137,OTL,2025,2030,1.783e+08
2137,OTL,2025,2035,0.000e+00
2137,OTL,2025,2040,0.000e+00
2137,OTL,2030,2030,1.152e+08
2137,OTL,2030,2035,0.000e+00
2137,OTL,2030,2040,0.000e+00
2137,OTL,2030,2045,0.000e+00
2137,OTL,2035,2035,6.368e+08
2137,OTL,2035,2040,6.710e+08
2137,OTL,2035,2045,6.476e+08
2137,OTL,2035,2050,1.034e+09
2137,OTL,2040,2040,0.000e+00
2137,OTL,2040,2045,0.000e+00
2137,OTL,2040,2050,0.000e+00
2137,OTL,2045,2045,0.000e+00
2137,OTL,2045,2050,0.000e+00
2137,OTL,2050,2050,0.000e+00
2137,CTL,2020,2020,0.000e+00
2137,CTL,2020,2025,0.000e+00
2137,CTL,2020,2030,0.000e+00
2137,CTL,2020,2035,0.000e+00
2137,CTL,2025,2025,0.000e+00
2137,CTL,2025,2030,0.000e+00
2137,CTL,2025,2035,0.000e+00
2137,CTL,2025,2040,0.000e+00
2137,CTL,2030,2030,0.000e+00
2137,CTL,2030,2035,0.000e+00
2137,CTL,2030,2040,0.000e+00
2137,CTL,2030,2045,0.000e+00
2137,CTL,2035,2035,0.000e+00
2137,CTL,2035,2040,0.000e+00
2137,CTL,2035,2045,0.000e+00
2137,CTL,2035,2050,0.000e+00
2137,CTL,2040,2040,0.000e+00
2137,CTL,2040,2045,0.000e+00
2137,CTL,2040,2050,0.000e+00
2137,CTL,2045,2045,0.000e+00
2137,CTL,2045,2050,0.000e+00
2137,CTL,2050,2050,0.000e+00
2137,PTL,2020,2020,0.000e+00
2137,PTL,2020,2025,0.000e+00
2137,PTL,2020,2030,0.000e+00
2137,PTL,2020,2035,0.000e+00
2137,PTL,2025,2025,1.418e-06
2137,PTL,2025,2030,1.418e-06
2137,PTL,2025,2035,1.418e-06
2137,PTL,2025,2040,0.000e+00
2137,PTL,2030,2030,1.685e+01
2137,PTL,2030,2035,1.685e+01
2137,PTL,2030,2040,1.685e+01
2137,PTL,2030,2045,1.685e+01
2137,PTL,2035,2035,2.001e+08
2137,PTL,2035,2040,2.001e+08
2137,PTL,2035,2045,2.001e+08
2137,PTL,2035,2050,0.000e+00
2137,PTL,2040,2040,1.003e-06
2137,PTL,2040,2045,1.003e-06
2137,PTL,2040,2050,0.000e+00
2137,PTL,2045,2045,0.000e+00
2137,PTL,2045,2050,0.000e+00
2137,PTL,2050,2050,0.000e+00
2137,BTL,2020,2020,0.000e+00
2137,BTL,2020,2025,0.000e+00
2137,BTL,2020,2030,0.000e+00
2137,BTL,2020,2035,0.000e+00
2137,BTL,2025,2025,0.000e+00
2137,BTL,2025,2030,0.000e+00
2137,BTL,2025,2035,0.000e+00
2137,BTL,2025,2040,0.000e+00
2137,BTL,2030,2030,0.000e+00
2137,BTL,2030,2035,0.000e+00
2137,BTL,2030,2040,0.000e+00
2137,BTL,2030,2045,0.000e+00
2137,BTL,2035,2035,0.000e+00
2137,BTL,2035,2040,0.000e+00
2137,BTL,2035,2045,0.000e+00
2137,BTL,2035,2050,0.000e+00
2137,BTL,2040,2040,0.000e+00
2137,BTL,2040,2045,0.000e+00
2137,BTL,2040,2050,0.000e+00
2137,BTL,2045,2045,0.000e+00
2137,BTL,2045,2050,0.000e+00
2137,BTL,2050,2050,0.000e+00
2138,OTL,2020,2020,7.184e+08
2138,OTL,2020,2025,7.184e+08
2138,OTL,2020,2030,7.184e+08
2138,OTL,2020,2035,0.000e+00
2138,OTL,2025,2025,1.783e+08
2138,OTL,2025,2030,1.783e+08
2138,OTL,2025,2035,1.783e+08
2138,OTL,2025,2040,1.783e+08
2138,OTL,2030,2030,0.000e+00
2138,OTL,2030,2035,9.129e+08
2138,OTL,2030,2040,9.129e+08
2138,OTL,2030,2045,9.129e+08
2138,OTL,2035,2035,0.000e+00
2138,OTL,2035,2040,0.000e+00
2138,OTL,2035,2045,0.000e+00
2138,OTL,2035,2050,0.000e+00
2138,OTL,2040,2040,0.000e+00
2138,OTL,2040,2045,0.000e+00
2138,OTL,2040,2050,0.000e+00
2138,OTL,2045,2045,0.000e+00
2138,OTL,2045,2050,0.000e+00
2138,OTL,2050,2050,0.000e+00
2138,CTL,2020,2020,0.000e+00
2138,CTL,2020,2025,0.000e+00
2138,CTL,2020,2030,0.000e+00
2138,CTL,2020,2035,0.000e+00
2138,CTL,2025,2025,0.000e+00
2138,CTL,2025,2030,0.000e+00
2138,CTL,2025,2035,0.000e+00
2138,CTL,2025,2040,0.000e+00
2138,CTL,2030,2030,0.000e+00
2138,CTL,2030,2035,0.000e+00
2138,CTL,2030,2040,0.000e+00
2138,CTL,2030,2045,0.000e+00
2138,CTL,2035,2035,0.000e+00
2138,CTL,2035,2040,0.000e+00
2138,CTL,2035,2045,0.000e+00
2138,CTL,2035,2050,0.000e+00
2138,CTL,2040,2040,0.000e+00
2138,CTL,2040,2045,0.000e+00
2138,CTL,2040,2050,0.000e+00
2138,CTL,2045,2045,0.000e+00
2138,CTL,2045,2050,0.000e+00
2138,CTL,2050,2050,0.000e+00
2138,PTL,2020,2020,3.595e-07
2138,PTL,2020,2025,3.595e-07
2138,PTL,2020,2030,3.595e-07
2138,PTL,2020,2035,3.595e-07
2138,PTL,2025,2025,4.272e+00
2138,PTL,2025,2030,4.272e+00
2138,PTL,2025,2035,0.000e+00
2138,PTL,2025,2040,0.000e+00
2138,PTL,2030,2030,5.075e+07
2138,PTL,2030,2035,1.268e+00
2138,PTL,2030,2040,1.506e+07
2138,PTL,2030,2045,0.000e+00
2138,PTL,2035,2035,0.000e+00
2138,PTL,2035,2040,0.000e+00
2138,PTL,2035,2045,0.000e+00
2138,PTL,2035,2050,0.000e+00
2138,PTL,2040,2040,0.000e+00
2138,PTL,2040,2045,0.000e+00
2138,PTL,2040,2050,0.000e+00
2138,PTL,2045,2045,8.328e+07
2138,PTL,2045,2050,8.328e+07
2138,PTL,2050,2050,3.720e+08
2138,BTL,2020,2020,0.000e+00
2138,BTL,2020,2025,0.000e+00
2138,BTL,2020,2030,0.000e+00
2138,BTL,2020,2035,0.000e+00
2138,BTL,2025,2025,0.000e+00
2138,BTL,2025,2030,0.000e+00
2138,BTL,2025,2035,0.000e+00
2138,BTL,2025,2040,0.000e+00
2138,BTL,2030,2030,0.000e+00
2138,BTL,2030,2035,0.000e+00
2138,BTL,2030,2040,0.000e+00
2138,BTL,2030,2045,0.000e+00
2138,BTL,2035,2035,0.000e+00
2138,BTL,2035,2040,0.000e+00
2138,BTL,2035,2045,0.000e+00
2138,BTL,2035,2050,0.000e+00
2138,BTL,2040,2040,0.000e+00
2138,BTL,2040,2045,0.000e+00
2138,BTL,2040,2050,0.000e+00
2138,BTL,2045,2045,0.000e+00
2138,BTL,2045,2050,0.000e+00
2138,BTL,2050,2050,0.000e+00
2139,OTL,2020,2020,7.184e+08
2139,OTL,2020,2025,7.184e+08
2139,OTL,2020,2030,7.184e+08
2139,OTL,2020,2035,0.000e+00
2139,OTL,2025,2025,1.783e+08
2139,OTL,2025,2030,1.783e+08
2139,OTL,2025,2035,1.783e+08
2139,OTL,2025,2040,1.783e+08
2139,OTL,2030,2030,1.152e+08
2139,OTL,2030,2035,1.152e+08
2139,OTL,2030,2040,1.152e+08
2139,OTL,2030,2045,1.152e+08
2139,OTL,2035,2035,6.271e+08
2139,OTL,2035,2040,6.271e+08
2139,OTL,2035,2045,6.271e+08
2139,OTL,2035,2050,6.271e+08
2139,OTL,2040,2040,0.000e+00
2139,OTL,2040,2045,0.000e+00
2139,OTL,2040,2050,0.000e+00
2139,OTL,2045,2045,0.000e+00
2139,OTL,2045,2050,0.000e+00
2139,OTL,2050,2050,0.000e+00
2139,CTL,2020,2020,0.000e+00
2139,CTL,2020,2025,0.000e+00
2139,CTL,2020,2030,0.000e+00
2139,CTL,2020,2035,0.000e+00
2139,CTL,2025,2025,0.000e+00
2139,CTL,2025,2030,0.000e+00
2139,CTL,2025,2035,0.000e+00
2139,CTL,2025,2040,0.000e+00
2139,CTL,2030,2030,0.000e+00
2139,CTL,2030,2035,0.000e+00
2139,CTL,2030,2040,0.000e+00
2139,CTL,2030,2045,0.000e+00
2139,CTL,2035,2035,0.000e+00
2139,CTL,2035,2040,0.000e+00
2139,CTL,2035,2045,0.000e+00
2139,CTL,2035,2050,0.000e+00
2139,CTL,2040,2040,0.000e+00
2139,CTL,2040,2045,0.000e+00
2139,CTL,2040,2050,0.000e+00
2139,CTL,2045,2045,0.000e+00
2139,CTL,2045,2050,0.000e+00
2139,CTL,2050,2050,0.000e+00
2139,PTL,2020,2020,0.000e+00
2139,PTL,2020,2025,0.000e+00
2139,PTL,2020,2030,0.000e+00
2139,PTL,2020,2035,0.000e+00
2139,PTL,2025,2025,0.000e+00
2139,PTL,2025,2030,0.000e+00
2139,PTL,2025,2035,0.000e+00
2139,PTL,2025,2040,0.000e+00
2139,PTL,2030,2030,6.322e+00
2139,PTL,2030,2035,0.000e+00
2139,PTL,2030,2040,0.000e+00
2139,PTL,2030,2045,0.000e+00
2139,PTL,2035,2035,7.512e+07
2139,PTL,2035,2040,7.512e+07
2139,PTL,2035,2045,0.000e+00
2139,PTL,2035,2050,0.000e+00
2139,PTL,2040,2040,1.506e+07
2139,PTL,2040,2045,0.000e+00
2139,PTL,2040,2050,0.000e+00
2139,PTL,2045,2045,1.584e+08
2139,PTL,2045,2050,1.584e+08
2139,PTL,2050,2050,2.065e+07
2139,BTL,2020,2020,0.000e+00
2139,BTL,2020,2025,0.000e+00
2139,BTL,2020,2030,0.000e+00
2139,BTL,2020,2035,0.000e+00
2139,BTL,2025,2025,0.000e+00
2139,BTL,2025,2030,0.000e+00
2139,BTL,2025,2035,0.000e+00
2139,BTL,2025,2040,0.000e+00
2139,BTL,2030,2030,0.000e+00
2139,BTL,2030,2035,0.000e+00
2139,BTL,2030,2040,0.000e+00
2139,BTL,2030,2045,0.000e+00
2139,BTL,2035,2035,0.000e+00
2139,BTL,2035,2040,0.000e+00
2139,BTL,2035,2045,0.000e+00
2139,BTL,2035,2050,0.000e+00
2139,BTL,2040,2040,0.000e+00
2139,BTL,2040,2045,0.000e+00
2139,BTL,2040,2050,0.000e+00
2139,BTL,2045,2045,0.000e+00
2139,BTL,2045,2050,0.000e+00
2139,BTL,2050,2050,0.000e+00
2140,OTL,2020,2020,7.184e+08
2140,OTL,2020,2025,6.932e+08
2140,OTL,2020,2030,7.184e+08
2140,OTL,2020,2035,7.184e+08
2140,OTL,2025,2025,2.035e+08
2140,OTL,2025,2030,2.035e+08
2140,OTL,2025,2035,2.035e+08
2140,OTL,2025,2040,2.035e+08
2140,OTL,2030,2030,0.000e+00
2140,OTL,2030,2035,0.000e+00
2140,OTL,2030,2040,0.000e+00
2140,OTL,2030,2045,0.000e+00
2140,OTL,2035,2035,0.000e+00
2140,OTL,2035,2040,0.000e+00
2140,OTL,2035,2045,0.000e+00
2140,OTL,2035,2050,0.000e+00
2140,OTL,2040,2040,8.644e+08
2140,OTL,2040,2045,8.644e+08
2140,OTL,2040,2050,8.644e+08
2140,OTL,2045,2045,0.000e+00
2140,OTL,2045,2050,0.000e+00
2140,OTL,2050,2050,0.000e+00
2140,CTL,2020,2020,0.000e+00
2140,CTL,2020,2025,0.000e+00
2140,CTL,2020,2030,0.000e+00
2140,CTL,2020,2035,0.000e+00
2140,CTL,2025,2025,0.000e+00
2140,CTL,2025,2030,0.000e+00
2140,CTL,2025,2035,0.000e+00
2140,CTL,2025,2040,0.000e+00
2140,CTL,2030,2030,0.000e+00
2140,CTL,2030,2035,0.000e+00
2140,CTL,2030,2040,0.000e+00
2140,CTL,2030,2045,0.000e+00
2140,CTL,2035,2035,0.000e+00
2140,CTL,2035,2040,0.000e+00
2140,CTL,2035,2045,0.000e+00
2140,CTL,2035,2050,0.000e+00
2140,CTL,2040,2040,0.000e+00
2140,CTL,2040,2045,0.000e+00
2140,CTL,2040,2050,0.000e+00
2140,CTL,2045,2045,0.000e+00
2140,CTL,2045,2050,0.000e+00
2140,CTL,2050,2050,0.000e+00
2140,PTL,2020,2020,2.808e-07
2140,PTL,2020,2025,2.808e-07
2140,PTL,2020,2030,2.808e-07
2140,PTL,2020,2035,2.808e-07
2140,PTL,2025,2025,3.337e+00
2140,PTL,2025,2030,3.337e+00
2140,PTL,2025,2035,3.337e+00
2140,PTL,2025,2040,0.000e+00
2140,PTL,2030,2030,3.964e+07
2140,PTL,2030,2035,3.964e+07
2140,PTL,2030,2040,0.000e+00
2140,PTL,2030,2045,3.964e+07
2140,PTL,2035,2035,3.490e+07
2140,PTL,2035,2040,0.000e+00
2140,PTL,2035,2045,3.490e+07
2140,PTL,2035,2050,3.490e+07
2140,PTL,2040,2040,2.533e+07
2140,PTL,2040,2045,3.011e+07
2140,PTL,2040,2050,3.011e+07
2140,PTL,2045,2045,0.000e+00
2140,PTL,2045,2050,0.000e+00
2140,PTL,2050,2050,9.536e+06
2140,BTL,2020,2020,0.000e+00
2140,BTL,2020,2025,0.000e+00
2140,BTL,2020,2030,0.000e+00
2140,BTL,2020,2035,0.000e+00
2140,BTL,2025,2025,0.000e+00
2140,BTL,2025,2030,0.000e+00
2140,BTL,2025,2035,0.000e+00
2140,BTL,2025,2040,0.000e+00
2140,BTL,2030,2030,0.000e+00
2140,BTL,2030,2035,0.000e+00
2140,BTL,2030,2040,0.000e+00
2140,BTL,2030,2045,0.000e+00
2140,BTL,2035,2035,0.000e+00
2140,BTL,2035,2040,0.000e+00
2140,BTL,2035,2045,0.000e+00
2140,BTL,2035,2050,0.000e+00
2140,BTL,2040,2040,0.000e+00
2140,BTL,2040,2045,0.000e+00
2140,BTL,2040,2050,0.000e+00
2140,BTL,2045,2045,0.000e+00
2140,BTL,2045,2050,0.000e+00
2140,BTL,2050,2050,0.000e+00
2141,OTL,2020,2020,7.184e+08
2141,OTL,2020,2025,7.184e+08
2141,OTL,2020,2030,7.184e+08
2141,OTL,2020,2035,0.000e+00
2141,OTL,2025,2025,1.783e+08
2141,OTL,2025,2030,1.783e+08
2141,OTL,2025,2035,0.000e+00
2141,OTL,2025,2040,2.339e+07
2141,OTL,2030,2030,1.152e+08
2141,OTL,2030,2035,1.152e+08
2141,OTL,2030,2040,1.152e+08
2141,OTL,2030,2045,1.152e+08
2141,OTL,2035,2035,9.759e+08
2141,OTL,2035,2040,9.867e+08
2141,OTL,2035,2045,9.867e+08
2141,OTL,2035,2050,1.799e+08
2141,OTL,2040,2040,0.000e+00
2141,OTL,2040,2045,0.000e+00
2141,OTL,2040,2050,0.000e+00
2141,OTL,2045,2045,0.000e+00
2141,OTL,2045,2050,0.000e+00
2141,OTL,2050,2050,0.000e+00
2141,CTL,2020,2020,0.000e+00
2141,CTL,2020,2025,0.000e+00
2141,CTL,2020,2030,0.000e+00
2141,CTL,2020,2035,0.000e+00
2141,CTL,2025,2025,0.000e+00
2141,CTL,2025,2030,0.000e+00
2141,CTL,2025,2035,0.000e+00
2141,CTL,2025,2040,0.000e+00
2141,CTL,2030,2030,0.000e+00
2141,CTL,2030,2035,0.000e+00
2141,CTL,2030,2040,0.000e+00
2141,CTL,2030,2045,0.000e+00
2141,CTL,2035,2035,0.000e+00
2141,CTL,2035,2040,0.000e+00
2141,CTL,2035,2045,0.000e+00
2141,CTL,2035,2050,0.000e+00
2141,CTL,2040,2040,0.000e+00
2141,CTL,2040,2045,0.000e+00
2141,CTL,2040,2050,0.000e+00
2141,CTL,2045,2045,0.000e+00
2141,CTL,2045,2050,0.000e+00
2141,CTL,2050,2050,0.000e+00
2141,PTL,2020,2020,0.000e+00
2141,PTL,2020,2025,0.000e+00
2141,PTL,2020,2030,0.000e+00
2141,PTL,2020,2035,0.000e+00
2141,PTL,2025,2025,0.000e+00
2141,PTL,2025,2030,0.000e+00
2141,PTL,2025,2035,0.000e+00
2141,PTL,2025,2040,0.000e+00
2141,PTL,2030,2030,0.000e+00
2141,PTL,2030,2035,0.000e+00
2141,PTL,2030,2040,0.000e+00
2141,PTL,2030,2045,0.000e+00
2141,PTL,2035,2035,0.000e+00
2141,PTL,2035,2040,0.000e+00
2141,PTL,2035,2045,0.000e+00
2141,PTL,2035,2050,0.000e+00
2141,PTL,2040,2040,2.664e-06
2141,PTL,2040,2045,3.165e+01
2141,PTL,2040,2050,3.165e+01
2141,PTL,2045,2045,0.000e+00
2141,PTL,2045,2050,0.000e+00
2141,PTL,2050,2050,3.760e+08
2141,BTL,2020,2020,0.000e+00
2141,BTL,2020,2025,0.000e+00
2141,BTL,2020,2030,0.000e+00
2141,BTL,2020,2035,0.000e+00
2141,BTL,2025,2025,0.000e+00
2141,BTL,2025,2030,0.000e+00
2141,BTL,2025,2035,0.000e+00
2141,BTL,2025,2040,0.000e+00
2141,BTL,2030,2030,0.000e+00
2141,BTL,2030,2035,0.000e+00
2141,BTL,2030,2040,0.000e+00
2141,BTL,2030,2045,0.000e+00
2141,BTL,2035,2035,0.000e+00
2141,BTL,2035,2040,0.000e+00
2141,BTL,2035,2045,0.000e+00
2141,BTL,2035,2050,0.000e+00
2141,BTL,2040,2040,0.000e+00
2141,BTL,2040,2045,0.000e+00
2141,BTL,2040,2050,0.000e+00
2141,BTL,2045,2045,0.000e+00
2141,BTL,2045,2050,0.000e+00
2141,BTL,2050,2050,0.000e+00
2142,OTL,2020,2020,7.184e+08
2142,OTL,2020,2025,7.184e+08
2142,OTL,2020,2030,7.184e+08
2142,OTL,2020,2035,6.990e+08
2142,OTL,2025,2025,1.783e+08
2142,OTL,2025,2030,1.783e+08
2142,OTL,2025,2035,1.783e+08
2142,OTL,2025,2040,1.783e+08
2142,OTL,2030,2030,1.152e+08
2142,OTL,2030,2035,1.152e+08
2142,OTL,2030,2040,1.152e+08
2142,OTL,2030,2045,1.152e+08
2142,OTL,2035,2035,0.000e+00
2142,OTL,2035,2040,0.000e+00
2142,OTL,2035,2045,0.000e+00
2142,OTL,2035,2050,0.000e+00
2142,OTL,2040,2040,7.332e+08
2142,OTL,2040,2045,7.332e+08
2142,OTL,2040,2050,7.332e+08
2142,OTL,2045,2045,0.000e+00
2142,OTL,2045,2050,0.000e+00
2142,OTL,2050,2050,0.000e+00
2142,CTL,2020,2020,0.000e+00
2142,CTL,2020,2025,0.000e+00
2142,CTL,2020,2030,0.000e+00
2142,CTL,2020,2035,0.000e+00
2142,CTL,2025,2025,0.000e+00
2142,CTL,2025,2030,0.000e+00
2142,CTL,2025,2035,0.000e+00
2142,CTL,2025,2040,0.000e+00
2142,CTL,2030,2030,0.000e+00
2142,CTL,2030,2035,0.000e+00
2142,CTL,2030,2040,0.000e+00
2142,CTL,2030,2045,0.000e+00
2142,CTL,2035,2035,0.000e+00
2142,CTL,2035,2040,0.000e+00
2142,CTL,2035,2045,0.000e+00
2142,CTL,2035,2050,0.000e+00
2142,CTL,2040,2040,0.000e+00
2142,CTL,2040,2045,0.000e+00
2142,CTL,2040,2050,0.000e+00
2142,CTL,2045,2045,0.000e+00
2142,CTL,2045,2050,0.000e+00
2142,CTL,2050,2050,0.000e+00
2142,PTL,2020,2020,0.000e+00
2142,PTL,2020,2025,0.000e+00
2142,PTL,2020,2030,0.000e+00
2142,PTL,2020,2035,0.000e+00
2142,PTL,2025,2025,0.000e+00
2142,PTL,2025,2030,0.000e+00
2142,PTL,2025,2035,0.000e+00
2142,PTL,2025,2040,0.000e+00
2142,PTL,2030,2030,3.659e+00
2142,PTL,2030,2035,0.000e+00
2142,PTL,2030,2040,3.659e+00
2142,PTL,2030,2045,3.659e+00
2142,PTL,2035,2035,4.347e+07
2142,PTL,2035,2040,4.347e+07
2142,PTL,2035,2045,4.347e+07
2142,PTL,2035,2050,4.347e+07
2142,PTL,2040,2040,0.000e+00
2142,PTL,2040,2045,0.000e+00
2142,PTL,2040,2050,0.000e+00
2142,PTL,2045,2045,6.821e+07
2142,PTL,2045,2050,6.821e+07
2142,PTL,2050,2050,2.065e+07
2142,BTL,2020,2020,0.000e+00
2142,BTL,2020,2025,0.000e+00
2142,BTL,2020,2030,0.000e+00
2142,BTL,2020,2035,0.000e+00
2142,BTL,2025,2025,0.000e+00
2142,BTL,2025,2030,0.000e+00
2142,BTL,2025,2035,0.000e+00
2142,BTL,2025,2040,0.000e+00
2142,BTL,2030,2030,0.000e+00
2142,BTL,2030,2035,0.000e+00
2142,BTL,2030,2040,0.000e+00
2142,BTL,2030,2045,0.000e+00
2142,BTL,2035,2035,0.000e+00
2142,BTL,2035,2040,0.000e+00
2142,BTL,2035,2045,0.000e+00
2142,BTL,2035,2050,0.000e+00
2142,BTL,2040,2040,0.000e+00
2142,BTL,2040,2045,0.000e+00
2142,BTL,2040,2050,0.000e+00
2142,BTL,2045,2045,0.000e+00
2142,BTL,2045,2050,0.000e+00
2142,BTL,2050,2050,0.000e+00
2143,OTL,2020,2020,7.184e+08
2143,OTL,2020,2025,7.184e+08
2143,OTL,2020,2030,7.184e+08
2143,OTL,2020,2035,0.000e+00
2143,OTL,2025,2025,1.783e+08
2143,OTL,2025,2030,1.783e+08
2143,OTL,2025,2035,0.000e+00
2143,OTL,2025,2040,0.000e+00
2143,OTL,2030,2030,6.186e+07
2143,OTL,2030,2035,6.186e+07
2143,OTL,2030,2040,0.000e+00
2143,OTL,2030,2045,0.000e+00
2143,OTL,2035,2035,0.000e+00
2143,OTL,2035,2040,0.000e+00
2143,OTL,2035,2045,0.000e+00
2143,OTL,2035,2050,0.000e+00
2143,OTL,2040,2040,0.000e+00
2143,OTL,2040,2045,0.000e+00
2143,OTL,2040,2050,0.000e+00
2143,OTL,2045,2045,0.000e+00
2143,OTL,2045,2050,0.000e+00
2143,OTL,2050,2050,0.000e+00
2143,CTL,2020,2020,0.000e+00
2143,CTL,2020,2025,0.000e+00
2143,CTL,2020,2030,0.000e+00
2143,CTL,2020,2035,0.000e+00
2143,CTL,2025,2025,0.000e+00
2143,CTL,2025,2030,0.000e+00
2143,CTL,2025,2035,0.000e+00
2143,CTL,2025,2040,0.000e+00
2143,CTL,2030,2030,0.000e+00
2143,CTL,2030,2035,0.000e+00
2143,CTL,2030,2040,0.000e+00
2143,CTL,2030,2045,0.000e+00
2143,CTL,2035,2035,0.000e+00
2143,CTL,2035,2040,0.000e+00
2143,CTL,2035,2045,0.000e+00
2143,CTL,2035,2050,0.000e+00
2143,CTL,2040,2040,0.000e+00
2143,CTL,2040,2045,0.000e+00
2143,CTL,2040,2050,0.000e+00
2143,CTL,2045,2045,0.000e+00
2143,CTL,2045,2050,0.000e+00
2143,CTL,2050,2050,0.000e+00
2143,PTL,2020,2020,1.665e-07
2143,PTL,2020,2025,1.665e-07
2143,PTL,2020,2030,1.665e-07
2143,PTL,2020,2035,1.665e-07
2143,PTL,2025,2025,1.978e+00
2143,PTL,2025,2030,1.978e+00
2143,PTL,2025,2035,1.978e+00
2143,PTL,2025,2040,1.978e+00
2143,PTL,2030,2030,2.350e+07
2143,PTL,2030,2035,2.350e+07
2143,PTL,2030,2040,2.350e+07
2143,PTL,2030,2045,2.350e+07
2143,PTL,2035,2035,4.299e+08
2143,PTL,2035,2040,4.299e+08
2143,PTL,2035,2045,4.299e+08
2143,PTL,2035,2050,4.299e+08
2143,PTL,2040,2040,4.231e+07
2143,PTL,2040,2045,2.540e+07
2143,PTL,2040,2050,2.540e+07
2143,PTL,2045,2045,6.603e+06
2143,PTL,2045,2050,0.000e+00
2143,PTL,2050,2050,0.000e+00
2143,BTL,2020,2020,0.000e+00
2143,BTL,2020,2025,0.000e+00
2143,BTL,2020,2030,0.000e+00
2143,BTL,2020,2035,0.000e+00
2143,BTL,2025,2025,0.000e+00
2143,BTL,2025,2030,0.000e+00
2143,BTL,2025,2035,0.000e+00
2143,BTL,2025,2040,0.000e+00
2143,BTL,2030,2030,0.000e+00
2143,BTL,2030,2035,0.000e+00
2143,BTL,2030,2040,0.000e+00
2143,BTL,2030,2045,0.000e+00
2143,BTL,2035,2035,0.000e+00
2143,BTL,2035,2040,0.000e+00
2143,BTL,2035,2045,0.000e+00
2143,BTL,2035,2050,0.000e+00
2143,BTL,2040,2040,0.000e+00
2143,BTL,2040,2045,0.000e+00
2143,BTL,2040,2050,0.000e+00
2143,BTL,2045,2045,0.000e+00
2143,BTL,2045,2050,0.000e+00
2143,BTL,2050,2050,0.000e+00
